Class/Metric,precision,recall,f1-score,support
0,0.9966996699669967,0.934984520123839,0.9648562300319489,323.0
1,0.9618874773139746,0.9981167608286252,0.9796672828096118,531.0
accuracy,0.9742388758782201,0.9742388758782201,0.9742388758782201,0.9742388758782201
macro avg,0.9792935736404856,0.9665506404762321,0.9722617564207803,854.0
weighted avg,0.9750541497108436,0.9742388758782201,0.9740654443468657,854.0
